SignalTime,ExitTime,Symbol,TradeType,Bias,Confidence,Entry,StopLoss,TakeProfit,Outcome
2026-01-06 22:45:00,,BTC-USD,PULLBACK_TREND,Bullish,75,93301.57,92254.64,95395.44,NO HIT
2026-01-07 12:30:00,,BTC-USD,PULLBACK_TREND,Bearish,75,91915.08,92228.94,91287.36,NO HIT
2026-01-07 13:00:00,,BTC-USD,PULLBACK_TREND,Bearish,75,91835.77,92227.43,91052.44,NO HIT
2026-01-07 13:30:00,2026-01-07 14:00:00,BTC-USD,PULLBACK_TREND,Bearish,75,92068.65,92231.56,91742.82,WIN
2026-01-07 14:15:00,,BTC-USD,BREAKOUT_TREND,Bearish,75,91470.88,92208.61,89847.85,NO HIT
2026-01-07 14:45:00,2026-01-07 15:15:00,BTC-USD,PULLBACK_TREND,Bearish,75,91896.5,92234.51,91220.49,WIN
2026-01-07 15:15:00,,BTC-USD,BREAKOUT_TREND,Bearish,75,91150.5,92205.19,88830.18,NO HIT
2026-01-07 17:45:00,,BTC-USD,PULLBACK_TREND,Bearish,75,91186.11,91736.18,90085.96,NO HIT
2026-01-07 18:15:00,,BTC-USD,PULLBACK_TREND,Bearish,80,91172.61,91731.6,90054.64,NO HIT
2026-01-07 18:45:00,,BTC-USD,BREAKOUT_TREND,Bearish,82,90691.76,91646.82,88590.63,NO HIT
2026-01-07 20:00:00,,BTC-USD,PULLBACK_TREND,Bearish,80,90933.14,91598.83,89601.75,NO HIT
2026-01-07 20:15:00,,BTC-USD,PULLBACK_TREND,Bearish,80,90808.81,91419.17,89588.09,NO HIT
2026-01-07 22:00:00,,BTC-USD,PULLBACK_TREND,Bearish,75,90918.8,91254.77,90246.87,NO HIT
2026-01-07 22:15:00,2026-01-07 23:15:00,BTC-USD,PULLBACK_TREND,Bearish,75,90980.73,91252.65,90436.88,LOSS
2026-01-07 23:30:00,,BTC-USD,PULLBACK_TREND,Bearish,75,91131.3,91407.45,90578.99,NO HIT
2026-01-08 06:45:00,,BTC-USD,BREAKOUT_TREND,Bearish,75,89940.03,91089.56,87411.07,NO HIT
2026-01-08 07:00:00,,BTC-USD,BREAKOUT_TREND,Bearish,75,89935.13,91092.08,87389.85,NO HIT
2026-01-08 08:30:00,,BTC-USD,PULLBACK_TREND,Bearish,75,90294.3,90627.65,89627.58,NO HIT
2026-01-08 11:00:00,2026-01-08 12:00:00,BTC-USD,PULLBACK_TREND,Bearish,86,90198.91,90418.24,89760.24,WIN
2026-01-08 11:15:00,,BTC-USD,PULLBACK_TREND,Bearish,75,90081.16,90418.24,89407.01,NO HIT
2026-01-08 11:45:00,,BTC-USD,PULLBACK_TREND,Bearish,75,90068.73,90418.02,89370.13,NO HIT
2026-01-08 14:15:00,2026-01-08 15:00:00,BTC-USD,BREAKOUT_TREND,Bearish,82,89428.5,90010.13,88148.92,LOSS
2026-01-09 07:30:00,2026-01-09 08:00:00,BTC-USD,PULLBACK_TREND,Bearish,75,90875.98,91063.87,90500.19,WIN
2026-01-09 07:45:00,2026-01-09 08:45:00,BTC-USD,BREAKOUT_TREND,Bearish,75,90687.08,91052.56,89883.02,WIN
2026-01-09 08:30:00,,BTC-USD,BREAKOUT_TREND,Bearish,86,90228.91,91058.57,88403.67,NO HIT
2026-01-09 08:45:00,,BTC-USD,BREAKOUT_TREND,Bearish,86,89845.13,91062.47,87166.99,NO HIT
2026-01-09 11:30:00,,BTC-USD,PULLBACK_TREND,Bearish,86,90401.91,90608.43,89988.89,NO HIT
2026-01-09 11:45:00,,BTC-USD,PULLBACK_TREND,Bearish,84,90337.78,90607.4,89798.54,NO HIT
2026-01-09 12:00:00,,BTC-USD,PULLBACK_TREND,Bearish,80,90299.55,90607.57,89683.53,NO HIT
2026-01-09 14:15:00,2026-01-09 14:45:00,BTC-USD,PULLBACK_TREND,Bearish,86,90476.62,90736.5,89956.87,WIN
2026-01-09 14:30:00,2026-01-09 15:15:00,BTC-USD,BREAKOUT_TREND,Bearish,86,90107.84,90721.11,88758.65,LOSS
2026-01-09 14:45:00,2026-01-09 15:15:00,BTC-USD,BREAKOUT_TREND,Bearish,82,90056.42,90721.34,88593.6,LOSS
2026-01-09 18:30:00,,BTC-USD,PULLBACK_TREND,Bearish,75,90773.0,91764.51,88789.98,NO HIT
2026-01-10 16:15:00,2026-01-10 17:15:00,BTC-USD,PULLBACK_TREND,Bearish,75,90528.03,90613.79,90356.52,LOSS
2026-01-10 21:45:00,,BTC-USD,BREAKOUT_TREND,Bearish,75,90386.55,90540.13,90048.69,NO HIT
2026-01-10 22:00:00,,BTC-USD,BREAKOUT_TREND,Bearish,75,90287.27,90540.94,89729.2,NO HIT
2026-01-11 14:30:00,,BTC-USD,BREAKOUT_TREND,Bullish,75,90924.74,90701.76,91415.31,NO HIT
2026-01-11 14:45:00,2026-01-11 15:45:00,BTC-USD,BREAKOUT_TREND,Bullish,86,91043.95,90700.27,91800.02,LOSS
2026-01-11 15:15:00,2026-01-11 15:45:00,BTC-USD,PULLBACK_TREND,Bullish,80,90848.71,90689.49,91167.16,LOSS
2026-01-11 16:45:00,,BTC-USD,PULLBACK_TREND,Bullish,80,90905.05,90583.14,91548.85,NO HIT
2026-01-11 23:15:00,,BTC-USD,PULLBACK_TREND,Bullish,75,90673.49,90180.74,91658.99,NO HIT
2026-01-12 00:15:00,,BTC-USD,BREAKOUT_TREND,Bullish,75,91031.95,90193.88,92875.71,NO HIT
2026-01-12 01:00:00,,BTC-USD,BREAKOUT_TREND,Bullish,75,91369.85,90524.46,93229.71,NO HIT
2026-01-12 02:15:00,,BTC-USD,BREAKOUT_TREND,Bullish,75,91588.39,90572.69,93822.94,NO HIT
2026-01-12 02:30:00,,BTC-USD,BREAKOUT_TREND,Bullish,75,91855.16,90572.11,94677.88,NO HIT
2026-01-12 02:45:00,,BTC-USD,BREAKOUT_TREND,Bullish,75,92115.52,90987.29,94597.64,NO HIT
2026-01-12 03:00:00,,BTC-USD,BREAKOUT_TREND,Bullish,86,92281.91,90987.07,95130.55,NO HIT
2026-01-12 05:00:00,,BTC-USD,PULLBACK_TREND,Bullish,75,92063.29,91583.47,93022.94,NO HIT
2026-01-12 15:15:00,,BTC-USD,BREAKOUT_TREND,Bullish,86,91183.13,90046.34,93684.07,NO HIT
2026-01-12 15:30:00,,BTC-USD,BREAKOUT_TREND,Bullish,86,91393.84,90046.08,94358.89,NO HIT
2026-01-12 15:45:00,,BTC-USD,BREAKOUT_TREND,Bullish,86,91546.45,90046.17,94847.08,NO HIT
2026-01-12 16:00:00,,BTC-USD,BREAKOUT_TREND,Bullish,86,91694.28,90046.75,95318.86,NO HIT
2026-01-12 16:15:00,,BTC-USD,BREAKOUT_TREND,Bullish,86,91999.53,90123.33,96127.18,NO HIT
2026-01-12 16:30:00,,BTC-USD,BREAKOUT_TREND,Bullish,82,92030.15,90485.78,95427.76,NO HIT
2026-01-12 17:45:00,,BTC-USD,PULLBACK_TREND,Bullish,86,91416.16,90931.87,92384.72,NO HIT
2026-01-12 19:15:00,,BTC-USD,PULLBACK_TREND,Bullish,75,91712.44,90936.58,93264.16,NO HIT
2026-01-12 19:30:00,,BTC-USD,PULLBACK_TREND,Bullish,75,91747.43,90939.63,93363.03,NO HIT
2026-01-12 22:00:00,,BTC-USD,PULLBACK_TREND,Bullish,75,91350.26,90823.44,92403.89,NO HIT
2026-01-13 00:15:00,,BTC-USD,PULLBACK_TREND,Bullish,75,91373.19,90928.04,92263.47,NO HIT
2026-01-13 00:45:00,,BTC-USD,PULLBACK_TREND,Bullish,75,91386.71,90930.4,92299.33,NO HIT
2026-01-13 03:15:00,,BTC-USD,PULLBACK_TREND,Bullish,75,91283.45,90891.56,92067.25,NO HIT
2026-01-13 03:45:00,,BTC-USD,PULLBACK_TREND,Bullish,75,91291.31,90894.77,92084.39,NO HIT
2026-01-13 05:15:00,,BTC-USD,BREAKOUT_TREND,Bullish,75,91996.27,91151.37,93855.07,NO HIT
2026-01-13 06:45:00,,BTC-USD,BREAKOUT_TREND,Bullish,86,92120.84,91358.94,93797.02,NO HIT
2026-01-13 09:00:00,,BTC-USD,BREAKOUT_TREND,Bullish,82,92327.61,91773.26,93547.17,NO HIT
2026-01-13 09:15:00,,BTC-USD,BREAKOUT_TREND,Bullish,82,92448.9,91772.13,93937.79,NO HIT
2026-01-13 09:45:00,,BTC-USD,PULLBACK_TREND,Bullish,80,92149.17,91746.76,92953.99,NO HIT
2026-01-13 10:45:00,,BTC-USD,PULLBACK_TREND,Bullish,86,92029.34,91807.38,92473.25,NO HIT
2026-01-13 12:15:00,,BTC-USD,PULLBACK_TREND,Bullish,75,91981.57,91783.65,92377.4,NO HIT
2026-01-13 12:30:00,,BTC-USD,PULLBACK_TREND,Bullish,75,92053.71,91785.46,92590.2,NO HIT
2026-01-13 12:45:00,2026-01-13 13:30:00,BTC-USD,PULLBACK_TREND,Bullish,75,91999.12,91787.27,92422.8,WIN
2026-01-13 14:30:00,,BTC-USD,BREAKOUT_TREND,Bullish,75,92755.5,91717.85,95038.33,NO HIT
2026-01-13 15:30:00,,BTC-USD,BREAKOUT_TREND,Bullish,75,92837.86,91705.14,95329.83,NO HIT
2026-01-13 15:45:00,,BTC-USD,BREAKOUT_TREND,Bullish,86,93283.03,91701.72,96761.92,NO HIT
2026-01-13 16:00:00,,BTC-USD,BREAKOUT_TREND,Bullish,86,93322.99,91829.15,96609.45,NO HIT
2026-01-13 19:15:00,,BTC-USD,BREAKOUT_TREND,Bullish,82,93793.24,93108.52,95299.64,NO HIT
2026-01-13 19:30:00,,BTC-USD,BREAKOUT_TREND,Bullish,82,94004.82,93118.97,95953.7,NO HIT
2026-01-13 19:45:00,,BTC-USD,BREAKOUT_TREND,Bullish,82,94194.65,93119.69,96559.55,NO HIT
2026-01-13 20:00:00,,BTC-USD,BREAKOUT_TREND,Bullish,82,94359.98,93380.32,96515.24,NO HIT
2026-01-13 22:00:00,,BTC-USD,BREAKOUT_TREND,Bullish,86,95325.8,93992.71,98258.61,NO HIT
2026-01-14 01:00:00,,BTC-USD,PULLBACK_TREND,Bullish,80,95431.41,94949.92,96394.39,NO HIT
2026-01-14 02:00:00,,BTC-USD,PULLBACK_TREND,Bullish,84,95426.58,94955.24,96369.26,NO HIT
2026-01-14 02:30:00,,BTC-USD,PULLBACK_TREND,Bullish,80,95394.27,95032.56,96117.68,NO HIT
2026-01-14 03:00:00,,BTC-USD,PULLBACK_TREND,Bullish,84,95424.2,95035.08,96202.43,NO HIT
2026-01-14 03:30:00,,BTC-USD,PULLBACK_TREND,Bullish,88,95485.77,95039.44,96378.42,NO HIT
2026-01-14 04:15:00,2026-01-14 05:00:00,BTC-USD,PULLBACK_TREND,Bullish,84,95468.91,95111.44,96183.83,LOSS
2026-01-14 06:45:00,,BTC-USD,PULLBACK_TREND,Bullish,75,94976.86,94519.37,95891.84,NO HIT
2026-01-14 07:45:00,,BTC-USD,PULLBACK_TREND,Bullish,75,95176.13,94522.07,96484.25,NO HIT
2026-01-14 14:45:00,,BTC-USD,BREAKOUT_TREND,Bullish,75,96460.42,94807.23,100097.44,NO HIT
2026-01-14 15:00:00,,BTC-USD,BREAKOUT_TREND,Bullish,75,96984.58,94800.34,101789.91,NO HIT
2026-01-14 16:00:00,,BTC-USD,BREAKOUT_TREND,Bullish,86,97463.88,95282.59,102262.71,NO HIT
2026-01-14 16:30:00,,BTC-USD,BREAKOUT_TREND,Bullish,86,97498.27,95757.49,101327.97,NO HIT
2026-01-14 17:00:00,,BTC-USD,BREAKOUT_TREND,Bullish,86,97703.52,96274.9,100846.47,NO HIT
2026-01-14 18:15:00,2026-01-14 18:30:00,BTC-USD,PULLBACK_TREND,Bullish,80,96973.73,96585.69,97749.81,LOSS
2026-01-14 18:45:00,,BTC-USD,PULLBACK_TREND,Bullish,75,96835.98,96170.57,98166.81,NO HIT
2026-01-14 19:15:00,,BTC-USD,PULLBACK_TREND,Bullish,75,97369.04,96172.01,99763.09,NO HIT
2026-01-14 23:00:00,,BTC-USD,PULLBACK_TREND,Bullish,75,97253.12,96733.08,98293.2,NO HIT
2026-01-15 01:00:00,2026-01-15 01:30:00,BTC-USD,PULLBACK_TREND,Bullish,75,96806.45,96424.3,97570.74,LOSS
2026-01-15 10:45:00,,BTC-USD,PULLBACK_TREND,Bullish,75,96792.05,96258.41,97859.35,NO HIT
2026-01-15 11:15:00,,BTC-USD,PULLBACK_TREND,Bullish,75,96782.55,96497.03,97353.59,NO HIT
2026-01-17 07:45:00,,BTC-USD,BREAKOUT_TREND,Bearish,75,95061.11,95295.53,94545.39,NO HIT
2026-01-17 09:00:00,,BTC-USD,PULLBACK_TREND,Bearish,75,95170.59,95246.83,95018.12,NO HIT
2026-01-17 20:30:00,,BTC-USD,PULLBACK_TREND,Bearish,75,95270.96,95448.01,94916.85,NO HIT
2026-01-18 01:00:00,,BTC-USD,BREAKOUT_TREND,Bearish,86,94899.36,95205.34,94226.21,NO HIT
2026-01-18 04:15:00,,BTC-USD,PULLBACK_TREND,Bearish,84,95069.95,95173.75,94862.34,NO HIT
2026-01-18 04:30:00,,BTC-USD,PULLBACK_TREND,Bearish,84,95046.72,95172.92,94794.31,NO HIT
2026-01-18 05:00:00,2026-01-18 05:45:00,BTC-USD,PULLBACK_TREND,Bearish,86,95042.19,95171.46,94783.64,LOSS
2026-01-18 06:15:00,,BTC-USD,PULLBACK_TREND,Bearish,75,95130.35,95207.51,94976.04,NO HIT
2026-01-18 07:15:00,,BTC-USD,PULLBACK_TREND,Bearish,75,95065.86,95207.44,94782.69,NO HIT
2026-01-18 23:00:00,2026-01-18 23:45:00,BTC-USD,BREAKOUT_TREND,Bearish,75,95092.99,95494.75,94209.13,WIN
2026-01-18 23:15:00,2026-01-19 00:00:00,BTC-USD,BREAKOUT_TREND,Bearish,86,94658.88,95499.94,92808.54,WIN
2026-01-18 23:30:00,,BTC-USD,BREAKOUT_TREND,Bearish,82,94440.86,95502.56,92105.11,NO HIT
2026-01-18 23:45:00,,BTC-USD,BREAKOUT_TREND,Bearish,86,93614.42,95512.84,89437.9,NO HIT
2026-01-19 00:00:00,,BTC-USD,BREAKOUT_TREND,Bearish,86,92728.61,95527.82,86570.34,NO HIT
2026-01-19 04:00:00,,BTC-USD,PULLBACK_TREND,Bearish,84,92586.83,92806.14,92148.21,NO HIT
2026-01-19 05:15:00,,BTC-USD,PULLBACK_TREND,Bearish,84,92539.5,92795.78,92026.94,NO HIT
2026-01-19 08:00:00,2026-01-19 08:15:00,BTC-USD,PULLBACK_TREND,Bearish,80,92745.55,92886.53,92463.61,LOSS
2026-01-19 09:30:00,,BTC-USD,PULLBACK_TREND,Bearish,86,92924.41,93308.0,92157.22,NO HIT
2026-01-19 09:45:00,,BTC-USD,PULLBACK_TREND,Bearish,80,92993.56,93307.02,92366.64,NO HIT
2026-01-19 10:00:00,,BTC-USD,PULLBACK_TREND,Bearish,86,92912.66,93306.82,92124.32,NO HIT
2026-01-19 10:45:00,,BTC-USD,PULLBACK_TREND,Bearish,75,92999.53,93302.3,92393.99,NO HIT
2026-01-19 11:00:00,,BTC-USD,PULLBACK_TREND,Bearish,75,92939.95,93300.94,92217.95,NO HIT
2026-01-19 12:00:00,,BTC-USD,PULLBACK_TREND,Bearish,75,92992.55,93267.78,92442.08,NO HIT
2026-01-19 12:45:00,,BTC-USD,PULLBACK_TREND,Bearish,75,92996.2,93268.54,92451.5,NO HIT
2026-01-19 13:00:00,,BTC-USD,PULLBACK_TREND,Bearish,75,92975.38,93267.67,92390.79,NO HIT
2026-01-19 13:15:00,,BTC-USD,PULLBACK_TREND,Bearish,75,92906.92,93267.79,92185.18,NO HIT
2026-01-19 13:45:00,,BTC-USD,PULLBACK_TREND,Bearish,75,92964.34,93267.83,92357.37,NO HIT
2026-01-19 14:00:00,,BTC-USD,BREAKOUT_TREND,Bearish,75,92812.58,93181.82,92000.25,NO HIT
2026-01-19 23:00:00,,BTC-USD,BREAKOUT_TREND,Bearish,75,92458.8,93083.74,91083.94,NO HIT
2026-01-20 01:30:00,,BTC-USD,PULLBACK_TREND,Bearish,90,92621.78,92855.8,92153.74,NO HIT
2026-01-20 02:00:00,,BTC-USD,PULLBACK_TREND,Bearish,84,92431.98,92857.83,91580.28,NO HIT
2026-01-20 02:15:00,,BTC-USD,PULLBACK_TREND,Bearish,84,92335.18,92856.13,91293.27,NO HIT
2026-01-20 02:45:00,,BTC-USD,PULLBACK_TREND,Bearish,84,92464.55,92855.72,91682.19,NO HIT
2026-01-20 03:00:00,,BTC-USD,PULLBACK_TREND,Bearish,84,92347.24,92855.99,91329.74,NO HIT
2026-01-20 03:15:00,,BTC-USD,PULLBACK_TREND,Bearish,80,92331.9,92854.08,91287.55,NO HIT
2026-01-20 03:30:00,,BTC-USD,PULLBACK_TREND,Bearish,80,92291.13,92852.47,91168.45,NO HIT
2026-01-20 04:45:00,,BTC-USD,BREAKOUT_TREND,Bearish,82,91954.49,92576.04,90587.09,NO HIT
2026-01-20 05:00:00,,BTC-USD,BREAKOUT_TREND,Bearish,86,91332.27,92469.91,88829.47,NO HIT
2026-01-20 06:15:00,,BTC-USD,BREAKOUT_TREND,Bearish,82,91141.75,92375.44,88427.62,NO HIT
2026-01-20 06:45:00,,BTC-USD,BREAKOUT_TREND,Bearish,86,90770.22,92038.98,87978.95,NO HIT
2026-01-20 10:30:00,2026-01-20 11:00:00,BTC-USD,PULLBACK_TREND,Bearish,80,91105.89,91310.08,90697.51,LOSS
2026-01-20 11:30:00,,BTC-USD,PULLBACK_TREND,Bearish,84,91227.15,91410.63,90860.18,NO HIT
2026-01-20 11:45:00,,BTC-USD,PULLBACK_TREND,Bearish,84,91146.76,91387.67,90664.92,NO HIT
2026-01-20 12:00:00,,BTC-USD,PULLBACK_TREND,Bearish,80,91188.04,91385.36,90793.4,NO HIT
2026-01-20 12:15:00,,BTC-USD,PULLBACK_TREND,Bearish,90,91091.16,91386.51,90500.45,NO HIT
2026-01-20 12:30:00,,BTC-USD,PULLBACK_TREND,Bearish,86,91107.07,91384.15,90552.91,NO HIT
2026-01-20 12:45:00,2026-01-20 13:00:00,BTC-USD,PULLBACK_TREND,Bearish,86,91195.44,91382.74,90820.84,WIN
2026-01-20 14:45:00,,BTC-USD,BREAKOUT_TREND,Bearish,86,90583.91,91324.27,88955.1,NO HIT
2026-01-20 15:00:00,,BTC-USD,BREAKOUT_TREND,Bearish,82,90257.19,91331.37,87893.99,NO HIT
2026-01-20 17:30:00,,BTC-USD,BREAKOUT_TREND,Bearish,86,89655.38,90920.32,86872.52,NO HIT
2026-01-20 18:30:00,,BTC-USD,BREAKOUT_TREND,Bearish,82,89392.66,90431.92,87106.29,NO HIT
2026-01-20 20:30:00,,BTC-USD,PULLBACK_TREND,Bearish,80,89529.68,89899.99,88789.05,NO HIT
2026-01-20 21:15:00,,BTC-USD,PULLBACK_TREND,Bearish,80,89522.7,89788.26,88991.57,NO HIT
2026-01-20 21:30:00,2026-01-20 22:30:00,BTC-USD,PULLBACK_TREND,Bearish,84,89386.18,89776.6,88605.35,WIN
2026-01-20 22:15:00,2026-01-20 22:30:00,BTC-USD,PULLBACK_TREND,Bearish,88,89355.78,89769.16,88529.03,WIN
2026-01-20 22:30:00,,BTC-USD,BREAKOUT_TREND,Bearish,86,88354.7,89762.94,85256.58,NO HIT
2026-01-21 01:15:00,2026-01-21 02:00:00,BTC-USD,PULLBACK_TREND,Bearish,80,88892.67,89166.52,88344.98,LOSS
2026-01-21 02:15:00,,BTC-USD,PULLBACK_TREND,Bearish,84,88994.52,89273.95,88435.65,NO HIT
2026-01-21 02:30:00,2026-01-21 03:30:00,BTC-USD,PULLBACK_TREND,Bearish,80,88986.46,89272.53,88414.32,LOSS
2026-01-21 02:45:00,2026-01-21 03:30:00,BTC-USD,PULLBACK_TREND,Bearish,80,88958.23,89269.32,88336.04,LOSS
2026-01-21 03:00:00,2026-01-21 03:30:00,BTC-USD,PULLBACK_TREND,Bearish,80,89018.91,89267.44,88521.86,LOSS
2026-01-21 07:00:00,,BTC-USD,PULLBACK_TREND,Bearish,75,89452.08,90026.83,88302.58,NO HIT
2026-01-21 08:30:00,,BTC-USD,BREAKOUT_TREND,Bearish,75,88894.26,89676.55,87173.2,NO HIT
2026-01-21 11:45:00,,BTC-USD,BREAKOUT_TREND,Bearish,75,88687.13,89321.57,87291.38,NO HIT
2026-01-21 12:00:00,,BTC-USD,BREAKOUT_TREND,Bearish,75,88284.04,89325.19,85993.52,NO HIT
2026-01-21 12:15:00,,BTC-USD,BREAKOUT_TREND,Bearish,75,88275.18,89314.99,85987.6,NO HIT
2026-01-21 13:15:00,2026-01-21 14:00:00,BTC-USD,PULLBACK_TREND,Bearish,75,88733.89,89339.51,87522.66,LOSS
2026-01-21 16:45:00,,BTC-USD,BREAKOUT_TREND,Bearish,75,87585.99,90503.28,81167.96,NO HIT
2026-01-21 17:00:00,,BTC-USD,BREAKOUT_TREND,Bearish,75,87526.06,90502.48,80977.93,NO HIT
2026-01-22 14:45:00,,BTC-USD,BREAKOUT_TREND,Bearish,75,89121.17,90259.07,86617.8,NO HIT
2026-01-22 15:15:00,,BTC-USD,BREAKOUT_TREND,Bearish,86,88564.44,90266.43,84820.06,NO HIT
2026-01-22 18:45:00,2026-01-22 19:30:00,BTC-USD,PULLBACK_TREND,Bearish,75,89221.64,89753.84,88157.24,LOSS
2026-01-23 06:15:00,,BTC-USD,BREAKOUT_TREND,Bearish,75,89346.41,89947.42,88024.18,NO HIT
2026-01-23 08:15:00,,BTC-USD,BREAKOUT_TREND,Bearish,75,89249.03,89594.8,88488.35,NO HIT
2026-01-23 09:15:00,,BTC-USD,BREAKOUT_TREND,Bearish,86,89022.32,89597.72,87756.44,NO HIT
2026-01-23 09:30:00,,BTC-USD,BREAKOUT_TREND,Bearish,82,88927.93,89523.11,87618.53,NO HIT
2026-01-23 09:45:00,,BTC-USD,BREAKOUT_TREND,Bearish,82,88848.19,89522.68,87364.3,NO HIT
2026-01-23 11:45:00,,BTC-USD,PULLBACK_TREND,Bearish,80,89056.58,89242.2,88685.34,NO HIT
2026-01-23 12:15:00,2026-01-23 12:45:00,BTC-USD,PULLBACK_TREND,Bearish,84,89045.41,89240.11,88656.02,LOSS
2026-01-23 13:30:00,2026-01-23 14:00:00,BTC-USD,PULLBACK_TREND,Bearish,75,89196.55,89335.23,88919.17,LOSS
2026-01-23 14:30:00,,BTC-USD,BREAKOUT_TREND,Bearish,75,88785.19,89614.59,86960.51,NO HIT
2026-01-24 14:00:00,,BTC-USD,BREAKOUT_TREND,Bearish,75,89324.83,89452.35,89044.27,NO HIT
2026-01-24 14:45:00,,BTC-USD,PULLBACK_TREND,Bearish,84,89323.21,89457.99,89053.64,NO HIT
2026-01-24 16:00:00,,BTC-USD,BREAKOUT_TREND,Bearish,86,89086.81,89396.85,88404.74,NO HIT
2026-01-24 17:30:00,,BTC-USD,PULLBACK_TREND,Bearish,90,89223.7,89348.57,88973.95,NO HIT
2026-01-24 18:45:00,,BTC-USD,PULLBACK_TREND,Bearish,84,89258.73,89342.72,89090.74,NO HIT
2026-01-24 19:00:00,,BTC-USD,PULLBACK_TREND,Bearish,84,89201.02,89342.69,88917.69,NO HIT
2026-01-24 19:15:00,,BTC-USD,PULLBACK_TREND,Bearish,80,89163.07,89342.69,88803.83,NO HIT
2026-01-24 19:30:00,,BTC-USD,PULLBACK_TREND,Bearish,80,89180.65,89342.14,88857.67,NO HIT
2026-01-24 20:30:00,,BTC-USD,PULLBACK_TREND,Bearish,80,89239.88,89339.94,89039.74,NO HIT
2026-01-24 22:15:00,,BTC-USD,PULLBACK_TREND,Bearish,80,89266.38,89357.58,89083.97,NO HIT
2026-01-24 23:30:00,,BTC-USD,PULLBACK_TREND,Bearish,75,89191.13,89360.27,88852.86,NO HIT
2026-01-25 00:00:00,,BTC-USD,BREAKOUT_TREND,Bearish,75,89120.63,89346.32,88624.12,NO HIT
2026-01-25 00:15:00,,BTC-USD,BREAKOUT_TREND,Bearish,75,89053.77,89344.64,88413.87,NO HIT
2026-01-25 01:30:00,,BTC-USD,BREAKOUT_TREND,Bearish,75,88999.75,89221.29,88512.37,NO HIT
2026-01-25 03:15:00,,BTC-USD,BREAKOUT_TREND,Bearish,75,88896.02,89116.72,88410.46,NO HIT
2026-01-25 03:30:00,,BTC-USD,BREAKOUT_TREND,Bearish,75,88810.59,89118.18,88133.88,NO HIT
2026-01-25 05:15:00,,BTC-USD,PULLBACK_TREND,Bearish,84,88858.3,89060.19,88454.53,NO HIT
2026-01-25 06:00:00,,BTC-USD,BREAKOUT_TREND,Bearish,86,88580.48,88971.71,87719.77,NO HIT
2026-01-25 07:45:00,,BTC-USD,BREAKOUT_TREND,Bearish,86,88513.38,88872.54,87723.2,NO HIT
2026-01-25 08:30:00,,BTC-USD,BREAKOUT_TREND,Bearish,86,88170.16,88749.72,86895.12,NO HIT
2026-01-25 11:45:00,2026-01-25 12:30:00,BTC-USD,PULLBACK_TREND,Bearish,80,88436.84,88602.45,88105.64,LOSS
2026-01-25 14:15:00,,BTC-USD,PULLBACK_TREND,Bearish,75,88525.42,88867.43,87841.4,NO HIT
2026-01-25 15:00:00,2026-01-25 16:00:00,BTC-USD,PULLBACK_TREND,Bearish,75,88615.77,88865.04,88117.25,WIN
2026-01-25 15:30:00,2026-01-25 16:00:00,BTC-USD,PULLBACK_TREND,Bearish,75,88547.39,88864.18,87913.8,WIN
2026-01-25 16:00:00,,BTC-USD,BREAKOUT_TREND,Bearish,75,87816.53,88821.17,85606.32,NO HIT
2026-01-25 18:15:00,,BTC-USD,BREAKOUT_TREND,Bearish,86,87429.98,88035.02,86098.89,NO HIT
2026-01-25 18:30:00,,BTC-USD,BREAKOUT_TREND,Bearish,86,87189.55,88036.12,85327.08,NO HIT
2026-01-25 19:15:00,,BTC-USD,BREAKOUT_TREND,Bearish,86,86456.05,87921.89,83231.2,NO HIT
2026-01-25 23:30:00,2026-01-26 00:15:00,BTC-USD,PULLBACK_TREND,Bearish,80,86277.96,86970.07,84893.73,LOSS
2026-01-26 00:15:00,2026-01-26 01:00:00,BTC-USD,PULLBACK_TREND,Bearish,80,86763.73,87089.25,86112.69,LOSS
2026-01-26 00:30:00,2026-01-26 01:00:00,BTC-USD,PULLBACK_TREND,Bearish,90,86545.2,87087.84,85459.9,LOSS
2026-01-26 03:30:00,,BTC-USD,PULLBACK_TREND,Bearish,86,87214.89,87926.58,85791.52,NO HIT
2026-01-26 03:45:00,,BTC-USD,PULLBACK_TREND,Bearish,80,87120.24,87926.26,85508.2,NO HIT
2026-01-26 15:30:00,,BTC-USD,BREAKOUT_TREND,Bearish,75,87345.46,88778.45,84192.89,NO HIT
2026-01-27 09:45:00,,BTC-USD,BREAKOUT_TREND,Bearish,75,87771.41,88301.28,86605.69,NO HIT
2026-01-27 10:30:00,,BTC-USD,BREAKOUT_TREND,Bearish,82,87695.34,88142.06,86712.57,NO HIT
2026-01-27 10:45:00,,BTC-USD,BREAKOUT_TREND,Bearish,82,87654.55,88077.48,86724.09,NO HIT
2026-01-27 11:45:00,2026-01-27 12:15:00,BTC-USD,PULLBACK_TREND,Bearish,86,87900.77,88019.12,87664.08,LOSS
2026-01-27 12:30:00,,BTC-USD,PULLBACK_TREND,Bearish,80,87885.59,88056.11,87544.56,NO HIT
2026-01-27 12:45:00,,BTC-USD,PULLBACK_TREND,Bearish,84,87845.59,88055.16,87426.45,NO HIT
2026-01-27 13:00:00,2026-01-27 14:00:00,BTC-USD,PULLBACK_TREND,Bearish,84,87796.45,88054.73,87279.9,LOSS
2026-01-27 13:45:00,2026-01-27 14:00:00,BTC-USD,PULLBACK_TREND,Bearish,75,87846.55,88058.64,87422.38,LOSS
2026-01-27 14:45:00,,BTC-USD,BREAKOUT_TREND,Bearish,75,87643.47,88299.24,86200.76,NO HIT
2026-01-27 17:00:00,,BTC-USD,PULLBACK_TREND,Bearish,75,87975.88,88748.94,86429.77,NO HIT
2026-01-27 17:30:00,,BTC-USD,BREAKOUT_TREND,Bearish,75,87317.89,88730.16,84210.9,NO HIT
2026-01-27 20:15:00,,BTC-USD,BREAKOUT_TREND,Bullish,75,89001.3,87581.67,92124.5,NO HIT
2026-01-27 20:45:00,,BTC-USD,BREAKOUT_TREND,Bullish,86,89237.53,87886.71,92209.34,NO HIT
2026-01-28 01:00:00,,BTC-USD,PULLBACK_TREND,Bullish,80,89254.86,88973.37,89817.85,NO HIT
2026-01-28 01:45:00,,BTC-USD,PULLBACK_TREND,Bullish,80,89307.57,88976.95,89968.81,NO HIT
2026-01-28 02:15:00,2026-01-28 03:00:00,BTC-USD,PULLBACK_TREND,Bullish,86,89215.73,88979.93,89687.32,LOSS
2026-01-28 02:45:00,2026-01-28 03:15:00,BTC-USD,PULLBACK_TREND,Bullish,86,89121.61,88928.27,89508.28,LOSS
2026-01-28 03:45:00,2026-01-28 04:15:00,BTC-USD,PULLBACK_TREND,Bullish,75,89013.22,88830.61,89378.43,LOSS
2026-01-28 04:30:00,,BTC-USD,PULLBACK_TREND,Bullish,75,88908.3,88687.65,89349.6,NO HIT
2026-01-28 13:00:00,,BTC-USD,BREAKOUT_TREND,Bullish,86,90114.73,89175.98,92180.0,NO HIT
2026-01-28 13:30:00,,BTC-USD,BREAKOUT_TREND,Bullish,86,90276.23,89444.09,92106.96,NO HIT
2026-01-28 16:15:00,,BTC-USD,PULLBACK_TREND,Bullish,75,89630.91,88900.63,91091.45,NO HIT
2026-01-28 16:30:00,,BTC-USD,PULLBACK_TREND,Bullish,75,89394.14,88899.52,90383.38,NO HIT
2026-01-28 16:45:00,,BTC-USD,PULLBACK_TREND,Bullish,75,89530.98,88900.47,90792.02,NO HIT
2026-01-28 17:00:00,,BTC-USD,PULLBACK_TREND,Bullish,75,89624.54,88903.2,91067.22,NO HIT
2026-01-28 17:15:00,,BTC-USD,PULLBACK_TREND,Bullish,75,89464.46,88905.0,90583.38,NO HIT
2026-01-28 17:30:00,,BTC-USD,PULLBACK_TREND,Bullish,75,89665.43,88901.78,91192.72,NO HIT
2026-01-29 07:15:00,2026-01-29 08:00:00,BTC-USD,PULLBACK_TREND,Bearish,86,88180.31,88333.85,87873.24,WIN
2026-01-29 07:30:00,2026-01-29 08:15:00,BTC-USD,PULLBACK_TREND,Bearish,86,88154.77,88302.58,87859.16,WIN
2026-01-29 09:45:00,,BTC-USD,BREAKOUT_TREND,Bearish,82,87768.68,88326.74,86540.94,NO HIT
2026-01-29 11:15:00,,BTC-USD,BREAKOUT_TREND,Bearish,82,87652.29,88005.44,86875.36,NO HIT
2026-01-29 13:30:00,2026-01-29 14:15:00,BTC-USD,PULLBACK_TREND,Bearish,75,87947.01,88069.06,87702.9,WIN
2026-01-29 13:45:00,2026-01-29 14:30:00,BTC-USD,PULLBACK_TREND,Bearish,75,87863.98,88033.45,87525.05,WIN
2026-01-29 14:30:00,2026-01-29 15:00:00,BTC-USD,BREAKOUT_TREND,Bearish,75,87509.8,88024.59,86377.25,WIN
2026-01-29 14:45:00,2026-01-29 15:30:00,BTC-USD,BREAKOUT_TREND,Bearish,86,86876.08,88033.92,84328.82,WIN
2026-01-29 15:00:00,,BTC-USD,BREAKOUT_TREND,Bearish,86,85482.73,88033.33,79871.43,NO HIT
2026-01-29 15:15:00,,BTC-USD,BREAKOUT_TREND,Bearish,82,85335.96,88035.57,79396.82,NO HIT
2026-01-29 15:30:00,,BTC-USD,BREAKOUT_TREND,Bearish,86,84327.98,88004.45,76239.74,NO HIT
2026-01-29 17:45:00,,BTC-USD,BREAKOUT_TREND,Bearish,86,84025.98,85506.55,80768.74,NO HIT
2026-01-29 18:15:00,,BTC-USD,BREAKOUT_TREND,Bearish,86,83677.55,85512.19,79641.36,NO HIT
2026-01-29 18:45:00,,BTC-USD,BREAKOUT_TREND,Bearish,86,83441.05,85512.13,78884.67,NO HIT
2026-01-29 22:00:00,,BTC-USD,PULLBACK_TREND,Bearish,88,84202.54,84589.23,83429.16,NO HIT
2026-01-29 22:15:00,,BTC-USD,PULLBACK_TREND,Bearish,80,84302.37,84611.56,83683.99,NO HIT
2026-01-29 22:30:00,2026-01-29 23:30:00,BTC-USD,PULLBACK_TREND,Bearish,90,84266.28,84579.49,83639.86,LOSS
2026-01-29 23:00:00,,BTC-USD,PULLBACK_TREND,Bearish,90,84325.05,84598.07,83779.02,NO HIT
2026-01-29 23:30:00,,BTC-USD,PULLBACK_TREND,Bearish,84,84516.59,84778.25,83993.27,NO HIT
2026-01-30 00:00:00,,BTC-USD,PULLBACK_TREND,Bearish,75,84404.12,84666.44,83879.47,NO HIT
2026-01-30 00:15:00,,BTC-USD,PULLBACK_TREND,Bearish,75,84202.57,84665.53,83276.65,NO HIT
2026-01-30 00:30:00,2026-01-30 01:15:00,BTC-USD,PULLBACK_TREND,Bearish,75,84279.88,84662.22,83515.19,WIN
2026-01-30 01:15:00,2026-01-30 01:30:00,BTC-USD,BREAKOUT_TREND,Bearish,75,83666.0,84644.31,81513.71,WIN
2026-01-30 01:30:00,,BTC-USD,BREAKOUT_TREND,Bearish,86,81786.1,84672.75,75435.47,NO HIT
2026-01-30 02:15:00,,BTC-USD,BREAKOUT_TREND,Bearish,86,81226.12,84454.41,74123.87,NO HIT
2026-01-30 04:30:00,,BTC-USD,PULLBACK_TREND,Bearish,80,82785.8,83242.68,81872.04,NO HIT
2026-01-30 05:30:00,2026-01-30 06:15:00,BTC-USD,PULLBACK_TREND,Bearish,84,82984.45,83311.95,82329.43,WIN
2026-01-30 05:45:00,2026-01-30 06:45:00,BTC-USD,PULLBACK_TREND,Bearish,84,82835.45,83273.59,81959.19,WIN
2026-01-30 06:00:00,,BTC-USD,PULLBACK_TREND,Bearish,84,82658.52,83271.02,81433.52,NO HIT
2026-01-30 06:45:00,,BTC-USD,PULLBACK_TREND,Bearish,80,82440.12,83276.91,80766.55,NO HIT
2026-01-30 07:15:00,,BTC-USD,PULLBACK_TREND,Bearish,90,82561.15,83279.85,81123.75,NO HIT
2026-01-30 08:30:00,,BTC-USD,PULLBACK_TREND,Bearish,75,82404.76,83015.94,81182.4,NO HIT
2026-01-31 07:30:00,,BTC-USD,BREAKOUT_TREND,Bearish,75,83318.59,83921.98,81991.13,NO HIT
2026-01-31 08:00:00,,BTC-USD,BREAKOUT_TREND,Bearish,75,83082.99,83888.78,81310.25,NO HIT
2026-01-31 08:15:00,,BTC-USD,BREAKOUT_TREND,Bearish,86,82937.19,83714.77,81226.51,NO HIT
2026-01-31 08:30:00,,BTC-USD,BREAKOUT_TREND,Bearish,86,82583.32,83718.32,80086.33,NO HIT
2026-01-31 09:45:00,,BTC-USD,PULLBACK_TREND,Bearish,80,83005.2,83618.17,81779.27,NO HIT
2026-01-31 11:00:00,,BTC-USD,PULLBACK_TREND,Bearish,80,82906.37,83191.37,82336.35,NO HIT
2026-01-31 13:30:00,2026-01-31 14:30:00,BTC-USD,BREAKOUT_TREND,Bearish,82,82466.0,83015.14,81257.88,WIN
2026-01-31 14:00:00,2026-01-31 14:30:00,BTC-USD,BREAKOUT_TREND,Bearish,86,82310.22,82930.16,80946.34,WIN
2026-01-31 14:15:00,,BTC-USD,BREAKOUT_TREND,Bearish,86,81476.74,82908.48,78326.91,NO HIT
2026-01-31 14:30:00,,BTC-USD,BREAKOUT_TREND,Bearish,86,80887.2,82859.06,76549.09,NO HIT
2026-01-31 16:45:00,,BTC-USD,BREAKOUT_TREND,Bearish,86,80141.04,81784.46,76525.51,NO HIT
2026-01-31 17:00:00,,BTC-USD,BREAKOUT_TREND,Bearish,86,79122.11,81805.08,73219.56,NO HIT
2026-01-31 18:15:00,,BTC-USD,BREAKOUT_TREND,Bearish,86,78291.05,81215.67,71856.91,NO HIT
2026-01-31 18:30:00,,BTC-USD,BREAKOUT_TREND,Bearish,86,76092.79,81027.06,65237.39,NO HIT
2026-01-31 21:00:00,,BTC-USD,PULLBACK_TREND,Bearish,80,77607.99,78408.07,76007.84,NO HIT
2026-01-31 22:30:00,2026-01-31 23:15:00,BTC-USD,PULLBACK_TREND,Bearish,88,78060.99,78550.02,77082.94,LOSS
2026-01-31 22:45:00,2026-01-31 23:15:00,BTC-USD,PULLBACK_TREND,Bearish,80,78136.99,78607.94,77195.09,LOSS
2026-02-01 00:30:00,,BTC-USD,PULLBACK_TREND,Bearish,80,78752.38,79422.86,77411.44,NO HIT
2026-02-01 01:00:00,,BTC-USD,PULLBACK_TREND,Bearish,90,78615.12,79417.21,77010.94,NO HIT
2026-02-01 01:30:00,,BTC-USD,PULLBACK_TREND,Bearish,88,78300.91,79416.47,76069.77,NO HIT
2026-02-01 01:45:00,,BTC-USD,PULLBACK_TREND,Bearish,86,78418.02,79411.34,76431.39,NO HIT
2026-02-01 02:00:00,,BTC-USD,PULLBACK_TREND,Bearish,86,78670.3,79410.01,77190.87,NO HIT
2026-02-01 02:15:00,,BTC-USD,PULLBACK_TREND,Bearish,90,78525.62,79407.72,76761.41,NO HIT
2026-02-01 02:30:00,,BTC-USD,PULLBACK_TREND,Bearish,75,78625.22,79402.91,77069.84,NO HIT
2026-02-01 04:30:00,,BTC-USD,PULLBACK_TREND,Bearish,75,78893.2,79195.46,78288.67,NO HIT
2026-02-01 05:00:00,,BTC-USD,PULLBACK_TREND,Bearish,75,78693.2,79088.69,77902.23,NO HIT
2026-02-01 15:15:00,,BTC-USD,BREAKOUT_TREND,Bearish,75,76903.34,78696.9,72957.51,NO HIT
2026-02-01 18:45:00,,BTC-USD,PULLBACK_TREND,Bearish,75,77737.06,78413.68,76383.83,NO HIT
2026-02-01 20:15:00,,BTC-USD,BREAKOUT_TREND,Bearish,75,76586.55,78175.99,73089.77,NO HIT
2026-02-01 21:45:00,,BTC-USD,BREAKOUT_TREND,Bearish,86,76405.0,77556.15,73872.47,NO HIT
2026-02-01 22:15:00,,BTC-USD,PULLBACK_TREND,Bearish,75,77027.79,77677.06,75729.25,NO HIT
2026-02-01 23:00:00,,BTC-USD,PULLBACK_TREND,Bearish,75,76744.78,77695.24,74843.86,NO HIT
2026-02-01 23:15:00,2026-02-02 00:15:00,BTC-USD,PULLBACK_TREND,Bearish,75,76674.91,77698.31,74628.11,LOSS
2026-02-01 23:45:00,2026-02-02 00:15:00,BTC-USD,PULLBACK_TREND,Bearish,75,77061.61,77696.51,75791.81,LOSS
2026-02-02 01:00:00,,BTC-USD,PULLBACK_TREND,Bearish,75,76824.29,78210.45,74051.96,NO HIT
2026-02-02 01:45:00,,BTC-USD,PULLBACK_TREND,Bearish,75,77462.31,78210.47,75966.0,NO HIT
2026-02-02 02:00:00,,BTC-USD,PULLBACK_TREND,Bearish,75,76975.87,78208.88,74509.84,NO HIT
2026-02-02 02:30:00,,BTC-USD,PULLBACK_TREND,Bearish,75,76952.8,78202.09,74454.24,NO HIT
2026-02-02 03:15:00,,BTC-USD,BREAKOUT_TREND,Bearish,82,75186.12,77848.3,69329.35,NO HIT
2026-02-02 03:30:00,,BTC-USD,BREAKOUT_TREND,Bearish,82,74667.98,77763.46,67857.94,NO HIT
2026-02-02 04:30:00,,BTC-USD,PULLBACK_TREND,Bearish,86,76130.98,77562.98,73266.97,NO HIT
2026-02-02 04:45:00,,BTC-USD,PULLBACK_TREND,Bearish,80,75800.88,77272.48,72857.69,NO HIT
2026-02-02 05:00:00,,BTC-USD,PULLBACK_TREND,Bearish,84,75387.88,77073.13,72017.37,NO HIT
2026-02-02 20:30:00,,BTC-USD,BREAKOUT_TREND,Bearish,75,78128.22,78678.46,76917.68,NO HIT
2026-02-02 20:45:00,,BTC-USD,BREAKOUT_TREND,Bearish,75,77920.79,78670.95,76270.43,NO HIT
2026-02-03 13:15:00,,BTC-USD,PULLBACK_TREND,Bearish,75,78229.39,78442.52,77803.13,NO HIT
2026-02-03 13:30:00,2026-02-03 14:30:00,BTC-USD,PULLBACK_TREND,Bearish,75,78223.9,78436.42,77798.85,WIN
